﻿{"cameraMode":{"drawMode":0,"name":"Shaded","section":"Shading Mode"},"sceneLighting":false,"audioPlay":false,"sceneViewState":{"showFog":true,"showMaterialUpdate":true,"showSkybox":false,"showFlares":true,"showImageEffects":true,"showParticleSystems":true},"in2DMode":false,"pivot":{"x":-2.1292502880096437,"y":-2.677243709564209,"z":-0.828906238079071},"rotation":{"x":0.2479637712240219,"y":0.6625436544418335,"z":-0.24825936555862428,"w":0.6617531180381775},"size":13.553559303283692,"orthographic":false}